wid,user_name,user_id,gender,publish_time,text,like_count,comment_count,forward_count
4700652360436129,康斯坦丁,1246151574,m,2021-11-06 21:45:19,"【身在异乡的你，感觉到孤独吗？】

我知道这世界我无处容身，只是，你凭什么审判我的灵魂？

主人公那冷冷的语调，那不动声色的表情，那懒洋洋的姿态，那优雅的无聊，至今依然让我们着迷不已。

一个心灵上永远的异乡人，一个与既定社会格格不入的局外人。

明明未曾经历，却感觉每句话都在说自己。

加缪形塑的“现代荒谬英雄”默尔索于是诞生，深深影响了后世无数孤独的灵魂，让我们得以正视自己混乱、无依的处境。

诺贝尔文学奖得主独特的视角展示《异乡人》

老规矩关注我带话题+随手转评赞，11月13日会从我的粉丝中抽5人送书。欢迎大家加入【老康粉丝福利3群 】享更多老康专属福利。#我的好书分享##v光计划##荐书##好书推荐##书单推荐##宝藏好书种草计划##潮流生活##首席知识官##内行人才知道##小说推荐# #推荐本小说##小说# #加缪# #诺贝尔文学奖# 康斯坦丁的微博视频",1165,322,162
4714405151642771,人民文学出版社,1290696881,f,2021-12-14 20:34:00,诺奖得主勒克莱齐奥×董强教授，共同书写《唐诗之路》，共品奔腾不息的诗流！ #勒克莱齐奥# #诺贝尔文学奖# #唐诗# #诗歌# #读书# #文学# 人民文学出版社的微博视频,14,1,4
4698800830284681,荆楚公子,5510544196,f,2021-11-01 19:08:00,"#莫言#莫言和杨振宁等人一起吃饭，一位女作家问莫言：“为什么你这么低调？”

莫言回答道：“假如我得的是诺贝尔物理学奖，你看我还低调不低调，我会变得非常张扬。”

莫言接着又说：“因为那是我的发现，已经为世人所证明，这个定理就存在在宇宙里边，不服你就来一个！”

“文学就不一样，文学每个人都有自己的判断，有人认为是天才之作，有人认为这什么玩意儿？

科学就是没有办法，所以我对这种在物理学、化学等自然科学方面有建树的人，真是佩服得五体投地。假如有来生的话，我一定要去学物理。”

看来还是理科生厉害啊，连获得了诺贝尔文学奖的文科生都这么说了！#诺贝尔文学奖#",88,15,18
4726627689563757,译林出版社,1647172887,f,2022-01-17 14:02:00,"#新春文学IP市集# #世界美如斯# 他是最受米兰·昆德拉推崇的捷克诗人——诺贝尔文学奖得主、国民诗人雅罗斯拉夫·赛弗尔特。他的创作主题围绕着爱情、艺术和对祖国的热爱，主张诗歌不应局限于斗争主题，而是关注心灵世界。

这部《世界美如斯》是他晚年撰写的散文体回忆录，出版于1981年，记录了半个多世纪来捷克文化界的变迁，重现20世纪布拉格黄金岁月描绘艰难人世之美丽如斯。诗人的童年、爱情、友谊、艺术、奇遇……他一生中遇到的人和事，那些遗失在时光中的美好瞬间，都在这部别致的回忆录里一一重现。

愿每个人都能邂逅，这美如斯的世界。#诺贝尔文学奖# #诗歌#",63,1,21
4726279385120982,小译林童书,7524375058,f,2022-01-16 14:57:57,"“童年不仅是天真的，而且像是戴着快乐之花编成的花环，只有幸福和无忧无虑。但事实并非如此。童年其实充满了矛盾和疑虑，他们没有说出来是因为他们还找不着适当的语言去表达。”
——#诺贝尔文学奖# 获得者、诗人赛弗尔特

法国现代儿童文学的创始人塞居尔伯爵夫人书写的，正是真实的儿童世界——他们的所见所闻，他们的古灵精怪，他们的可爱可气，以及他们小小心灵的真实鼓动。孩子不知如何表达的思想和感情，以及他们的生活画卷，在塞居尔伯爵夫人的笔下缓缓展开。
#微博童书推荐##童书推荐官# 《苏菲的烦恼》三部曲",3,3,2
4726117166481502,释奥,5611758555,m,2022-01-16 04:13:22,#诺贝尔文学奖# 首先可以确定的是，造物神铁确实存在，只不过不是侏罗纪时期陨落的，而是寒武纪早期陨落的…我的又一位国际友人告诉我，诺布尔探险团在一片远古海洋生物化石中，找到了这块陨星，并且据说，这些寒武纪早期的海洋生物，以奇怪的方式，簇拥着这块神铁。我朋友告诉我，诺布尔探险团第一次看到这块陨星时，惊叹不已，因为陨星从正上方看，像一个定制版游戏鼠标，从侧面看，像一只鞋子，从下面看，则像一个脚丫子，而竖起来看，竟然隐约看到一张奇怪的“人”脸？这还不是最神奇的，经过测量，探险团得到了神铁的尺寸，分别是宽7cm，长14cm，厚7cm，而陨星净重达1777g，经过智能建模推测，这块神铁在坠入地球之前，应该是一块形状十分规整，且尺寸为7cm*14cm*7cm的立方体…而如果神铁像传说中那般，加载了造物主的指令，那应该是关于“生命大爆发”的指令…这也仅仅是推测，相信诺布尔团体很快就能读取到造物主的指示了…如果传说是真的，那么有关寒武纪生命大爆发的秘密，应该就有答案了。,0,0,2
4723510192637496,易心一亿,1871792985,f,2022-01-08 23:34:11,"佛眼低垂处，生死皆疲劳！
#莫言##诺贝尔文学奖#",0,0,0
4721924318431320,南粤九合,5969092740,m,2022-01-04 14:32:29,"#加缪##诺贝尔奖##诺贝尔文学奖##爱情#
这个没有爱情的世界真好比死人的世界，总有一天人们会厌倦监狱、工作和勇气，去找回可人的面庞和柔情似水的心曲。——加缪《鼠疫》",1,0,0
4714769858429986,庐山欢迎你,1429074014,m,2021-12-15 20:43:13,赛珍珠自从跟随父母来到中国，童年、初恋和蜜月都在庐山，她是怎么走上创作之路从而获得诺贝尔文学奖的呢，看完你就知道了。#庐山##庐山别墅##赛珍珠##赛兆祥##诺贝尔文学奖##金陵大# 九江·庐山 庐山欢迎你的微博视频,0,1,1
4712879096334943,司木美学空间,6606019768,f,2021-12-10 15:30:00,"#周五心情记#

好书推荐：《局外人》—阿尔贝·加缪（Albert Camus，1913—1960）

诺贝尔文学奖得主加缪的代表作！法国存在主义文学代表作，法国荒诞哲学代表作，文学史上的不朽名作！

#好书推荐# 好书推荐 #局外人# #诺贝尔文学奖#",0,0,0
4712877066553561,上海译文出版社旗舰店,7356938118,f,2021-12-10 15:21:56,"#新书上架# 预售

📖《石黑一雄访谈录》
精选#诺贝尔文学奖#得主#石黑一雄#的十八篇访谈，包含他与来自纸质新闻媒体、广播和学术机构的全球各地采访者之间，或是轻松的交谈，或是深入系统的哲学对话，形式多样，风格迥异，充分展现出作家跨度长达四分之一世纪的写作生涯中的重要方面。

石黑一雄
英籍日裔作家。自1982年发表处女作《远山淡影》以来，共出版了八部长篇小说和一部短篇小说集，每一部都堪称当代经典，包揽各大文学奖项，1989年的布克奖（获奖作品为《长日将尽》），以及2017年的诺贝尔文学奖。",12,1,5
4712860779022986,诺布尔文学奖,7712106484,m,2021-12-10 14:17:13,"#诺贝尔文学奖# 诺布尔文学奖简介：
诺布尔文学奖是人类世界最高尚、最公平、水准最高的文学奖，同时，其也是奖金最多（高于第二名的诺奖最少十倍）、奖品最奢华、奖励最丰富的世界级大奖！诺布尔文学奖由七位不愿透露名字的神秘人士创立，奖金和所有奖励亦由他们提供。诺布尔文学奖的评审团，由77位来自世界各地的高尚灵魂组成，他们曾对神主庄严起誓，若他们颁奖不公平、有私心、贪污受贿，他们将永堕地狱和炼狱，且永生永世不得救赎！！

被授予〔诺布尔文学奖〕的人类，将得到以下奖励：
1、获得1.6亿美元奖金（$160000000，约合人民币10.2亿元，约合14.5亿瑞典克朗）；
2、获得一枚重量超过500g且镶嵌珍贵宝石的纯金奖牌；
3、获得一支重量超过200g且镶嵌珍贵宝石的纯金羽毛笔，羽毛笔上雕刻获奖者名字；
4、获得一瓶抗衰老药，瓶子由纯金打造，瓶盖镶嵌珍贵宝石，瓶中储存100粒长生不老药和100粒纯金；
5、获得一枚用纯金打造的专属戒指，戒指内环刻有获奖者名字和生辰。

至少满足以下七个条件，你才有可能获得诺布尔文学奖：
1、在文学上登峰造极且前无古人；
2、创作出最具理想倾向的最佳作品；
3、具有高尚的人格和高贵的神格；
4、凭借一己之力推动了人类文明进步；
5、能够感知神与神界的指引；
6、拥有超过一亿个真实阅读量或个人资产超过上一年诺奖奖金；
7、灵魂永生且记忆永存。

诺布尔文学奖是世界范围内，奖金最多且奖励最丰富的人类级大奖，同时也是最高尚、最公平、水准最高的文学奖。诺布尔文学奖将于神主生日日，也就是每年的12月10日颁发，获奖者无需前往任何殿堂领奖，七位不愿透露名字的神秘人士，会派人将奖金和所有奖励送达你家，且告知全世界！！

#诺布尔文学奖#",0,0,0
4712584604814695,全世界-原全历史,6673252687,f,2021-12-09 19:59:48,"【历史百大艺术——《等待戈多》】
20世纪荒诞派戏剧的高峰

诺贝尔文学奖得主，20世纪最伟大的剧作家之一萨缪尔·贝克特代表作。

在这部剧中，两个像流浪汉的家伙自始至终在等待一个名叫戈多的人。他们穷愁潦倒，希望戈多的出现能使他们得救。然而戈多自始自终也没有出现。

那么，戈多究竟是谁？有人说，戈多（Godort）就是上帝（God），《等待戈多》（En Attendant Godot）这个法文剧名，是暗指西蒙娜·韦尔的《等待上帝》（Attent de Dieu）一书；

有人说，戈多象征“死亡”；有人说，剧中人波卓就是戈多；

有人说，戈多是巴尔扎克剧作《自命不凡的人》里一个在剧中从不出现的人物“戈杜”（Godeau）。

有人甚至说，戈多就是一位著名的摩托车运动员……有人就这个问题问贝克特，但他两手一摊，苦笑一声：“我要是知道，早在戏里说出来了。”

无论贝克特是在故弄玄虚，还是他真不知道，这一回答正好道出了该剧的真实含义，即人对生存在其中的世界，对自己的命运一无所知。

无论戈多将会是谁，从作品中可以明显看出，他的到来，将会给剧中人带来希望，戈多是不幸的人对于未来生活的呼唤和向往。是当今社会人们对明天某种指望的代表，象征着“希望”、“憧憬”。

1957年11月9日，《等待戈多》在旧金山圣昆廷监狱演出，观众是1400名囚犯。演出之前，演员们和导演忧心忡忡，这一批世界上最粗鲁的观众能不能看懂《等待戈多》呢？出人意料的是，它竟然立即被囚犯观众所理解，一个个感动得痛哭流涕。一个犯人说：“戈多就是社会。”

另一个犯人说：“他就是局外人。”这之后，无田无地的阿尔及利亚农民，把戈多看作是已许诺却没有实现的土地改革；

而具有被别国奴役的不幸历史的波兰观众，把戈多作为他们得不到民族自由和独立的象征。人们终于恍然大悟：“戈多”原来是那“口惠而实不至的东西！”

《等待戈多》于1953年1月5日在巴黎巴比伦剧院首演，也是20世纪戏剧创作的巅峰和典范。整部剧中，贝克特都没有明确指出戈多是谁，但弗拉季米尔和爱斯特拉冈将所有信仰和希望都寄托在戈多身上，于是戈多便成了一种神性的存在。摒弃传统戏剧的戏剧冲突、悬念，贝克特试图传达的，其实就是一种存在的虚无，关于存在的意义，生命的价值，信仰危机……虽然最终贝克特也仍未指出一个明确答案，但笔下人物在寻找过程中，忘却寻找的东西，在等待中失去等待的意义，当这一切成为惯性，并令人辛酸地延续时，人类相似的命运似乎也在某种程度上被折射出来。
#全历史TOP100##等待戈多##诺贝尔文学奖#",12,0,3
4712573884694916,上海译文,1587362207,m,2021-12-09 19:17:11,"""Writing has always been a pleasure.""

近日，2021年 #诺贝尔文学奖# 得主，阿拉伯裔坦桑尼亚旅英小说家阿卜杜勒拉扎克·古尔纳（Abdulrazak Gurnah）收到了由诺奖委员会寄出的奖牌和证书。古尔纳在英国伦敦发表了题为“Writing”的线上演讲。演讲原文：网页链接

@上海译文文学室",50,5,15
4711884588061392,时事英语表达,6311731576,m,2021-12-07 21:38:11,"#诺贝尔文学奖##阿卜杜勒拉扎克·古尔纳#
《天堂》古尔纳作品～个人译作
Day 3

Y经常等数小时才等到一列火车进站。那两个欧洲人也在等，他们把行李放在帆布篷下，站那里等着，贵重货物则齐整地码好，放在不远处。其中一个男人身形壮硕，只好埋低头以防碰到遮阳帆布。另一个女人站在稍后边的阴凉处，她的脸色晶莹泛光，却被两顶帽子挡住了部分。她穿着白色褶边短衬衫，颈部和手腕处扣子都扣上了，她的长裙拖到了鞋子处。她身形也修长壮硕，但显然不同于那男人。她赘肉柔软，仿佛能变形。男人则像一块木头雕刻的一样。他们注视着不同方向，好像互不认识。就在Y凝视时，他注意到，那女人拿纸巾抹嘴，不经意地擦掉了死皮。男人的脸上红点斑斑，他目光缓缓移动，看着车站的狭窄地形，发现了一个上锁的柴房，以及一面大黄旗，旗上绘着一只显眼的黑鸟。Y看了那男人很久。那男人随后转身，看到Y在注视他。男人一开始撇开目光，转而又盯着Y。Y无法避开男人的目光。突然，男人咬牙切齿作怒，莫名其妙地弯起手指。Y感到威胁，赶紧走开，嘴里喃喃说着上帝保佑。

他离家那年，不巧后廊柱子白蚁成灾。他爸每次经过后廊，都要狠敲柱子，让白蚁们知道他可不好惹。白蚁把梁木咬出了痕迹，像是在旱溪底部，动物打隧道翻起的土一样。Y每次敲的时候，那柱子听起来都软绵空洞，还会掉出朽木屑粉儿。他大口吃东西时，他妈还叫他吃掉白蚁。

""我好饿啊""，他向妈妈哀嚎道，边逐渐大声念着自创的祷告语，那祷词也念了好几年。
""吃白蚁去""，他妈说到，随后笑话他恶心痛苦的夸张表情，""快点，想吃就吃，填饱肚子来。不然我让你没得吃。""",0,0,0
4710755889317667,女孩爱书,6255223078,f,2021-12-04 18:53:08,"在2020年即将结束的时候，我开始读托卡尔丘克。这是一个久负盛名，然后你综合评估一点都不感兴趣（主要还是不喜欢她的发型？），可是读了一小段后，你无可救药地想读完她的全部。只有“跪”能表达。人在清醒的时候需要意义，因为人是时间的囚徒。

在托卡尔丘克的笔下，所有生灵、一张桌子，都共同是宇宙的主宰。这样的思想何其伟大，就像我也是今年才理解了莫言的伟大。

｜奥尔加·托卡尔丘克
#诺贝尔文学奖#",0,0,0
4710053732684618,有录网-太原,7473783072,m,2021-12-02 20:23:01,"书籍

超强书单推荐——历届诺贝尔文学奖得主作品，码住慢慢看~

#有录网叨叨# #诺贝尔文学奖# #书单# 太原·太原大学",0,0,0
4707089849516793,ppellucid,5737328614,f,2021-11-24 16:05:36,#诺贝尔文学奖#,3,1,0
4706774252781883,旭书店,7625448764,m,2021-11-23 19:11:31,"“人们以为他们比动物，比植物，而尤其是比物品活得更艰难。动物觉得比植物和物品活得更艰难。植物臆想自己比物品活得更艰难。而物品总是坚持着保持在一种状态。这坚持是比任何别的生存方式都更艰难的生存方式。”

太古，是一个位于宇宙中心的虚构小镇。

在《太古和其他的时间》这本魔幻现实主义小说中，作者通过不同的视角讲述了太古之中各种人物，甚至动物、植物和物品的故事：触摸边界的少女、咒骂月亮的老太婆，乃至麦穗、一台小的咖啡磨......

作者，奥尔加·托卡尔丘克，当代欧洲重要作家、波兰国宝级作家。
#旭书店##太古和其他的时间##奥尔加·托卡尔丘克##诺贝尔文学奖#",0,0,0
4705232418505013,微诗刊,6560888492,m,2021-11-19 13:04:49,是的！不是这样就拿到了#诺贝尔文学奖# 了么？//@非著名诗人Fernweh:#逃避虽可耻但有用# 哈哈哈哈哈哈哈 🆘 有用就行,1,0,1
4704181804339107,新京报书评周刊,1047467705,m,2021-11-16 15:30:04,【一书难求？新晋诺奖得主#古尔纳#在美国遭遇的出版困境】每年#诺贝尔文学奖#的公布，时常让图书出版行业陷入混乱。今年“爆冷”获奖的阿卜杜勒-拉扎克·古尔纳，更是让诺奖得主的著作出版成为了一个全球性的难题。对大多数读者来说，新晋奖得主古尔纳是个“陌生”的作家，诺奖官网曾做过的调查显示，95%的读者没有读过古尔纳的著作。 很多读者发现很难买到这位新晋诺奖得主的作品，在美国甚至出现了“一书难求”的现象。 一书难求？新晋诺奖得主古尔纳在美国遭遇的出版困境,14,1,3
4703562771468237,时事英语表达,6311731576,m,2021-11-14 22:30:15,"#阿卜杜勒拉扎克·古尔纳##诺贝尔文学奖#
Day 1
《天堂》阿卜杜勒·古尔纳
1.墙内的花园
这个男孩名叫H，他12岁那年突然离家。他记得那是在旱季，日子一如从前：野花开了又谢。奇特的虫子匆匆跑出岩底，在火辣的阳光中挣扎死去。太阳使遥远的树木在空气中发抖，房子也颤动起伏地喘息。一路风尘，白天一片死寂。那场景精确地重现了。

他在铁道站台看到两个欧洲人，而且是头一次见。他没有惊讶，至少一开始不。",0,0,0
4701576084850194,JacksonWangCassieHou,6311623670,f,2021-11-09 10:55:52,求一本阿布拉扎克《天堂》的原版书#阿布拉扎克##诺贝尔文学奖#诺贝尔文学奖,2,0,0
4701316133423619,石黑一雄bot,7712583425,m,2021-11-08 17:42:55,"【双语自译】诺贝尔奖颁奖词
石黑一雄说：在当今撕裂的社会，诺贝尔仍然拥有全世界范围的号召力，说明作为人类的我们，本身就存在着比对抗更能共情的情绪。这也是一种思考，为什么荣获诺贝尔奖的国人自豪感远远大于竞技比赛金牌的优越感。

2017诺贝尔奖颁奖仪式12月10日在斯德哥尔摩举行，出生于长崎的英籍作家石黑一雄获文学奖！日裔英籍的石黑一雄先生，在演讲致辞中，他回忆了母亲当年用日语给他讲""诺贝尔奖""的故事...

#诺贝尔文学奖##石黑一雄# 石黑一雄bot的微博视频",0,0,1
4700652360436129,康斯坦丁,1246151574,m,2021-11-06 21:45:19,"【身在异乡的你，感觉到孤独吗？】

我知道这世界我无处容身，只是，你凭什么审判我的灵魂？

主人公那冷冷的语调，那不动声色的表情，那懒洋洋的姿态，那优雅的无聊，至今依然让我们着迷不已。

一个心灵上永远的异乡人，一个与既定社会格格不入的局外人。

明明未曾经历，却感觉每句话都在说自己。

加缪形塑的“现代荒谬英雄”默尔索于是诞生，深深影响了后世无数孤独的灵魂，让我们得以正视自己混乱、无依的处境。

诺贝尔文学奖得主独特的视角展示《异乡人》

老规矩关注我带话题+随手转评赞，11月13日会从我的粉丝中抽5人送书。欢迎大家加入【老康粉丝福利3群 】享更多老康专属福利。#我的好书分享##v光计划##荐书##好书推荐##书单推荐##宝藏好书种草计划##潮流生活##首席知识官##内行人才知道##小说推荐# #推荐本小说##小说# #加缪# #诺贝尔文学奖# 康斯坦丁的微博视频",1165,322,162
4700939817058714,可以文化,6219664308,f,2021-11-07 16:47:33,"#托卡尔丘克# ：“我有太多的想法以至于没有办法一股脑写下来。待时机成熟，我的脑海中也会出来一个声音提醒我开始写作。”

来听波兰语～

#诺贝尔文学奖# 可以文化的微博视频",11,2,6
4698800830284681,荆楚公子,5510544196,f,2021-11-01 19:08:00,"#莫言#莫言和杨振宁等人一起吃饭，一位女作家问莫言：“为什么你这么低调？”

莫言回答道：“假如我得的是诺贝尔物理学奖，你看我还低调不低调，我会变得非常张扬。”

莫言接着又说：“因为那是我的发现，已经为世人所证明，这个定理就存在在宇宙里边，不服你就来一个！”

“文学就不一样，文学每个人都有自己的判断，有人认为是天才之作，有人认为这什么玩意儿？

科学就是没有办法，所以我对这种在物理学、化学等自然科学方面有建树的人，真是佩服得五体投地。假如有来生的话，我一定要去学物理。”

看来还是理科生厉害啊，连获得了诺贝尔文学奖的文科生都这么说了！#诺贝尔文学奖#",88,15,18
4698737350541473,第一读者客户端,5303141841,f,2021-11-01 14:55:44,"#诺贝尔文学奖#
2021年度的诺贝尔文学奖“爆冷”颁给了非洲裔英国移民作家阿卜杜勒-拉扎克·古尔纳，而作为今年耶路撒冷文学奖的获奖者，英国当代文坛巨匠朱利安·巴恩斯则是众多文学爱好者心目中的诺奖热门人选。驰骋文坛四十多年的他，与石黑一雄、伊恩·麦克尤恩、格雷厄姆·斯威夫特等并称“黄金一代的英国小说家”，并凭借其在文体上卓绝的实验而横扫英、法、意、德、美各国知名文学奖项。近日，巴恩斯的长篇小说《唯一的故事》简体中译本由译林出版社正式出版发行，这也是极富创作力的他在古稀之年完成的全新力作。 英国当代文坛巨匠巴恩斯讲述的“唯一故事”",1,2,0
4698178173009983,金一个汗,5876533263,m,2021-10-31 01:53:46,#新浪看点##跟新浪看热点##新闻看点##莫言##诺贝尔文学奖#莫言说文学不是粉饰现实的。我强烈的认为有揭露，才能让黑暗与不公无处遁形，这并不是某些人定义的负能量，这是定义者对现实的欺骗和隐藏！！！ 北京炒股群的微博视频,3,0,0
4696915683573908,大山猫剧团,7566743108,f,2021-10-27 14:17:05,"#北京国际青年戏剧节##在微博看演出#

大山猫剧团改编#诺贝尔文学奖#得主#萨拉马戈# 同名小说《双生》（复排版）
将于11月2日-3日中国国家话剧院·小剧场上演，敬请期待！
【购票链接】网页链接

剪辑@马逍原太懒了 大山猫剧团的微博视频",1,0,4
4694773887403113,海师大化院团委学生会,7516379986,m,2021-10-21 16:26:22,#书籍分享##诺贝尔文学奖# 文艺复兴🍀历届诺贝尔文学奖得主书单，是每个诺奖得主的人生精华💧，同学们既可静享在这经典的书籍中📚，又可与人类最高思想对话☀️大家码住慢慢看！,213,143,64
4694484333631584,玮语Lety,7478541987,f,2021-10-20 21:15:47,"新制作和编译的视频：1957年，阿尔贝·加缪获颁诺贝尔文学奖时的原声演讲。
我添加的法汉双语字幕。
令我印象最为深刻的话，”真理是神秘的，转瞬即逝的，永远得去奋力争取的。自由是危险的，难以与之共存，但振奋人心。“
#玮语Lety##法语##加缪##诺贝尔文学奖##瑞典##演讲##文学# 玮语Lety的微博视频",154,1,192
4694421134643129,空濛生昼寒,6290268349,f,2021-10-20 17:04:39,"#诺贝尔文学奖##2021年诺贝尔文学奖揭晓##博西##非洲文学#
你错过了最残忍的一幕，博西。
顺着大海的波涛而下，并不比阿拉伯人生活在岸上要困难的多。",1,1,0
4693287506805765,先锋读书会,1512329945,m,2021-10-17 14:00:00,#书单推荐# 2021年的#诺贝尔文学奖# 得主也发布啦诺奖得主的高分代表作你读过哪些呢~,52,42,16
4693203024348094,文史哲思想,5126745589,m,2021-10-17 08:24:19,"也许有人根本就没有履历，没有过去，也没有将来，他们是作为永恒的现在出现在人们面前的？

——奥尔加.波卡尔丘克《白天的房子，夜晚的房子》

#诺贝尔文学奖#",1,1,0
4693200638314664,蓝旗呀,2727908715,m,2021-10-17 08:14:50,"彼得-汉德克是2019年诺贝尔文学奖获得者，他是诗人也是作家，是编剧也是导演，他住在森林里，或许会晚一点到。《彼得汉德克：我在森林，也许迟到》说起来是一部人物传记纪录片，但本身就是一部影像佳作。汉德克说，虚构是影像魅力所在。虚构是对周遭事物的加温。所以要诀是前提得有周遭事物，关键是在加温。
#诺贝尔文学奖#",1,1,1
4692883888671457,英语元宇宙,1264366955,m,2021-10-16 11:16:11,"《天堂》的主线任务是讲，精明的阿拉伯商人带队深入非洲内陆做买卖，被各地苏丹敲诈勒索甚至抢劫，加上蚊虫野兽侵袭，团队死伤逃亡1/4，货物损失1/2，最后在欧洲人调停下勉强半身而退，亏得一塌糊涂。
100年之后的非洲故事要这么写，商人同样被各地军阀雁过拔毛，最后在中国人调停下一起参加一带一路共同富裕……（得找个文笔好的黑哥留学生写，然后发个茅盾文学奖，奖金是#诺贝尔文学奖# ×2。）",0,0,0
4692625754164613,非洲文学bot,7439151290,f,2021-10-15 18:10:27,"【投稿50】
你错过了最惨的一幕，拉希德。你错了最惨的一幕，我的博西。你妹妹仅仅充当了一个注脚，没人为她流下一滴泪。你也是，你和我，我们看着邻居沦为乞丐，卖掉女儿换回鲨鱼肉，也会坐视不理，也会一笑而过。那些人专横地骑在我们头上，来教我们如何温顺。你和我，我们有些东西……在这个冰冷且总是充满敌意的地方，我经常想起你。十二月的一天早晨，我第一次为你哭泣。可那时，无情的泥土已将你的鲜血变成了灰尘。

——𝐵𝑜𝑠𝑠𝑦 by Abdulrazak Gurnah
[坦桑尼亚🇹🇿]阿卜杜勒—拉扎克·古尔纳《博西》
选自《非洲短篇小说选集》
译｜查明建、张曼、郑清斌等
#非洲文学##坦桑尼亚##诺贝尔文学奖##认识一下诺贝尔文学奖得主古尔纳#",44,4,9
4692487241204321,译林出版社,1647172887,f,2021-10-15 09:00:02,"很多优秀的作家没有获得 #诺贝尔文学奖# ，会为此感到遗憾，但卡尔维诺没有获得，则是诺贝尔文学奖的遗憾。卡尔维诺，#生日快乐#

莫言：卡尔维诺的书里有许多让我们感到惊奇的警句。我爱卡尔维诺。
李敬泽：他的厉害之处在于，他打开了一个世界。《为什么读经典》对我来说确实有磨刀石一般的魔力。
苏童：爬到树上去的柯西莫（《树上的男爵》）超越了我们一般的阅读印象，这个人物设置至今看来仍然令人震惊，在文学史上闪着宝石般的光芒。
约翰·厄普代克：博尔赫斯、马尔克斯和卡尔维诺三人同样为我们做着完美的梦，三人之中，卡尔维诺最温暖明亮。
艾柯：卡尔维诺的想象像宇宙微妙的均衡，摆放在伏尔泰和莱布尼兹之间。
陈晓明：批评家们乐于把卡尔维诺与纳博科夫和博尔赫斯相提并论，实际上，卡尔维诺的影响力要更大，也更持久些。

#新书推送# ：《最后来的是乌鸦》
最后来的是乌鸦 卡尔维诺新书",26,3,13
4692314713230292,嘉禾行者,1236498793,m,2021-10-14 21:34:29,"#诺贝尔文学奖##诺贝尔奖#
诺贝尔文学奖大师的话

我要告诉你些事情:每天人都在死亡。而这只是个开头。
——露易丝·格丽克 2020年

如果一个国家,失去了讲故事的人
它就失去了童年。
——彼得·汉德克 2019年

人给自己的痛苦套上了时间。
人因过去的缘由而痛苦，又把痛苦延伸到未来。
这样便产生了绝望。
——奥尔加·托卡尔丘克 2018年

沉默很可能意味着最深远思想的形成，
最深处能量的召唤。
——石黑一雄 2017年

有些人能感受雨，而其他人则只是被淋湿。
——鲍勃· 迪伦 2016年

我们所有的痛苦就在于，我们既是凶手，又是受害人 -一我们是同一种人。
——阿列克谢耶维奇 2015年

其实我们都是海滩人，沙子只把我们的脚印，
保留几秒钟。
——帕特里克·莫迪亚诺 2014年

婚姻把你从自我中拽了出来，给了你一种真实的生活。
——爱丽丝·门罗 2013年

世界上的事情，
最忌讳的就是个十全十美。凡是总要稍留欠缺，才能持恒。
——莫言 2012年

人总要相信些什么,才不会度日时，
跌入未知的黑洞里。
——托马斯·特兰斯特罗姆 2011年

整理:有间书阁",1,1,0
4692254479091113,NUSKIN叶哥,1166685197,m,2021-10-14 17:35:07,2021年诺贝尔文学奖由73岁的坦桑尼亚小说家阿卜杜勒扎克·古尔纳（Abdulrazak Gurnah）摘得。 获奖理由是： “因为他对殖民主义文学写作的影响，对难民在不同文化大陆之间的鸿沟中的命运毫不妥协和富有同情心地渗透。”#诺贝尔文学奖#,0,0,0
4692233176222403,可以文化,6219664308,f,2021-10-14 16:10:29,"#每天一篇诺奖小说#

你是否也像诺奖作家#托卡尔丘克# 一样被“偏离正常轨迹”的事物所吸引？参观过世界各地医学博物馆的托卡尔丘克曾说，这些古怪的人体都是四分五裂的朝圣者。今天小编为大家分享托卡尔丘克最新出版的中译小说集《世界上最丑的女人》里的同名作品，也是整部集子中最具怪诞色彩的一篇：

小说讲述了一个男人与世界上最丑的女人的情感悲剧。

丑女的样貌宛若怪物，从小在马戏团长大，以卖丑哗众为生。当所有人都对她避之不及，一个男人却迷恋上她。他想方设法接近她、欣赏她与相貌不符的谈吐，留在马戏团里与她搭档表演，还向她求婚。

但当大家都以为他们的爱情是内在美对外在的冲破，只有男人知道他对她的迷恋最初是出于一种扭曲、猎奇，而随着丑女商演的巨大成功，她逐渐成为他最重要的资产和工具。这篇小说有着真实的历史事件背景，作者用诡谲奇幻的笔调塑造了一个被文明世界观看、陈列的悲剧人物，而比起丑女的纯粹真实，所谓的文明人却无不是戴着面具、自我粉饰的。#诺贝尔文学奖#

图片 - 毛女朱莉亚（小说取材自真实的人物历史故事）",4,1,5
4692208970629962,英语元宇宙,1264366955,m,2021-10-14 14:34:18,"Paradise的文字版也上网了，这本8.5万词的#诺贝尔文学奖#代表作的首万词词汇量高于73.6%的英文原著，恰好比同是#诺贝尔文学奖#代表作的《百年孤独》稍微高一点，而低于《哈利波特7》。文字版的好处是：
·查单词更方便；
·在PC上标注读到哪儿；
·在手机上做reflow方便竖屏阅读。
网友们太强大了，不快点读完怎么对得起？",1,0,0
4692193119833554,美丽的大脚1,2580409341,f,2021-10-14 13:31:19,《世界上最丑的女人》是2018年#诺贝尔文学奖#得主奥尔加·托卡尔丘克最新被译为中文的作品，以19个精灵般的故事，书写形形色色不同意义上的孤独者，铺展独属于他们的、心灵与现实世界交错重叠的奇遇。,0,0,0
4692078942749018,四季的飞鸟,1737506715,m,2021-10-14 05:57:37,中国诗歌 文学不能委身于政治或社会之下，尽管文字可以，这如同高山与碎石。他不应仅被用作垫脚或打磨石器时代的物什。他必须与人类其它伟大的支柱一样，保持好自己伟岸的骨骼和身姿。如果一定要让他成为某种“工具”，那么他只可臣服于一样东西——便是高贵的灵魂！ #文学##诺贝尔文学奖#,1,0,0
4691812914823556,环球音乐集团,7483769457,f,2021-10-13 12:20:30,#onthisday#2016年的今天，鲍勃·迪伦#BobDylan# 获得了#诺贝尔文学奖#，成为首位获得该奖项的词曲作者，瑞典学院颁奖词中称“他在伟大的美国歌曲传统中创造了新的诗性表达”。而就在去年@环球音乐版权 已收购其全部歌曲的词曲版权。#环球音乐名人堂#,2,8,2
4691789950487437,合唱Chorus_,1752742753,m,2021-10-13 10:49:16,"5年前的今天 Bob Dylan 获得诺贝尔文学奖

2016年10月13日，#Bob Dylan# 因为 “为美国歌曲传统创造了新的诗意表达”（""for having created new poetic expressions within the great American song tradition""） ，荣获瑞典学院颁发的该年度诺贝尔文学奖。

这使得他成为首位获得该荣誉的音乐家。

#Bob Dylan##bobdylan##诺贝尔文学奖##欧美音乐##经典摇滚##流行音乐史上的今天#",11,0,1
4691738378371444,相宜书坊,6213703859,f,2021-10-13 07:24:20,"今天和大家推荐由@可以文化 推出的《世界上最丑的女人》。《世界上最丑的女人》是2018年#诺贝尔文学奖#得主奥尔加·托卡尔丘克最新被译为中文的作品，于2002年获得了波兰最高的文学奖项尼刻奖·读者选择奖。作家余华、诺贝尔文学奖得主阿列克谢耶维奇等一致推荐。

小说集收录了19部作品，题材丰富，幽默、灵逸、精奇、动人，堪称托卡尔丘克中短篇小说的集大成之作：百无聊赖的女人进入她在读的侦探小说之中；男子对“世界上最丑的女人”“迷恋”不已，并追随她一生；外国人进入陌生城市，受街上鼓声启发，“变换”了身份……

#托卡尔丘克#以19个精灵般的故事，书写形形色色不同意义上的孤独者，铺展独属于他们的、心灵与现实世界交错重叠的奇遇。",18,17,16
4691608157029967,我是无戒,5099792647,f,2021-10-12 22:46:53,"无戒学堂#诺贝尔文学奖##诺贝尔奖#
100位诺贝尔文学奖大师，100句经典

爱是一种渗透他人的尝试，但只有双方都投降，爱才能实现。
——奥克塔维奥·帕斯 1990年

女人是要被取悦的，
然后，有些被抛弃，有些则不...
这就形成了等级
——卡米洛·何塞·塞拉 1989年

家不是你出生的地方，家是你所有尝试逃避
停止的地方。
——纳吉布·马赫福兹 1988年

眼睛并不认同自己所属的身体，而是认同自己关注的对象。
——约瑟夫·布罗茨基 1987年

浪漫是灵魂的甘甜，带着受伤心灵的芬芳。
——沃莱·索因卡 1986年

生活不仅充满了喧嚣和愤怒，它也有蝴蝶、花朵、艺术品。
——克劳德·西蒙 1985年

地球上的一切，都曾经发生过，
没什么是新的。
——雅罗斯拉夫·塞弗尔特 1984年

也许有一头野兽，也许只有我们。
——威廉·戈尔丁 1983年

生活中重要的不是发生在你身上的事，而是你记得是什么以及你如何记得它。
——加布里埃尔·加西亚·马尔克斯 1982年

痛苦的人眼里必定有火花闪耀，如果那火花熄灭，他就毫无价值了，
那火花一定包含着希望，尽管他自己不承认。
——埃利亚斯·卡内蒂 1981年",5,1,0
4692193119833554,美丽的大脚1,2580409341,f,2021-10-14 13:31:19,《世界上最丑的女人》是2018年#诺贝尔文学奖#得主奥尔加·托卡尔丘克最新被译为中文的作品，以19个精灵般的故事，书写形形色色不同意义上的孤独者，铺展独属于他们的、心灵与现实世界交错重叠的奇遇。,0,0,0
4692078942749018,四季的飞鸟,1737506715,m,2021-10-14 05:57:37,中国诗歌 文学不能委身于政治或社会之下，尽管文字可以，这如同高山与碎石。他不应仅被用作垫脚或打磨石器时代的物什。他必须与人类其它伟大的支柱一样，保持好自己伟岸的骨骼和身姿。如果一定要让他成为某种“工具”，那么他只可臣服于一样东西——便是高贵的灵魂！ #文学##诺贝尔文学奖#,1,0,0
4691812914823556,环球音乐集团,7483769457,f,2021-10-13 12:20:30,#onthisday#2016年的今天，鲍勃·迪伦#BobDylan# 获得了#诺贝尔文学奖#，成为首位获得该奖项的词曲作者，瑞典学院颁奖词中称“他在伟大的美国歌曲传统中创造了新的诗性表达”。而就在去年@环球音乐版权 已收购其全部歌曲的词曲版权。#环球音乐名人堂#,2,8,2
4691789950487437,合唱Chorus_,1752742753,m,2021-10-13 10:49:16,"5年前的今天 Bob Dylan 获得诺贝尔文学奖

2016年10月13日，#Bob Dylan# 因为 “为美国歌曲传统创造了新的诗意表达”（""for having created new poetic expressions within the great American song tradition""） ，荣获瑞典学院颁发的该年度诺贝尔文学奖。

这使得他成为首位获得该荣誉的音乐家。

#Bob Dylan##bobdylan##诺贝尔文学奖##欧美音乐##经典摇滚##流行音乐史上的今天#",11,0,1
4691738378371444,相宜书坊,6213703859,f,2021-10-13 07:24:20,"今天和大家推荐由@可以文化 推出的《世界上最丑的女人》。《世界上最丑的女人》是2018年#诺贝尔文学奖#得主奥尔加·托卡尔丘克最新被译为中文的作品，于2002年获得了波兰最高的文学奖项尼刻奖·读者选择奖。作家余华、诺贝尔文学奖得主阿列克谢耶维奇等一致推荐。

小说集收录了19部作品，题材丰富，幽默、灵逸、精奇、动人，堪称托卡尔丘克中短篇小说的集大成之作：百无聊赖的女人进入她在读的侦探小说之中；男子对“世界上最丑的女人”“迷恋”不已，并追随她一生；外国人进入陌生城市，受街上鼓声启发，“变换”了身份……

#托卡尔丘克#以19个精灵般的故事，书写形形色色不同意义上的孤独者，铺展独属于他们的、心灵与现实世界交错重叠的奇遇。",18,17,16
4691608157029967,我是无戒,5099792647,f,2021-10-12 22:46:53,"无戒学堂#诺贝尔文学奖##诺贝尔奖#
100位诺贝尔文学奖大师，100句经典

爱是一种渗透他人的尝试，但只有双方都投降，爱才能实现。
——奥克塔维奥·帕斯 1990年

女人是要被取悦的，
然后，有些被抛弃，有些则不...
这就形成了等级
——卡米洛·何塞·塞拉 1989年

家不是你出生的地方，家是你所有尝试逃避
停止的地方。
——纳吉布·马赫福兹 1988年

眼睛并不认同自己所属的身体，而是认同自己关注的对象。
——约瑟夫·布罗茨基 1987年

浪漫是灵魂的甘甜，带着受伤心灵的芬芳。
——沃莱·索因卡 1986年

生活不仅充满了喧嚣和愤怒，它也有蝴蝶、花朵、艺术品。
——克劳德·西蒙 1985年

地球上的一切，都曾经发生过，
没什么是新的。
——雅罗斯拉夫·塞弗尔特 1984年

也许有一头野兽，也许只有我们。
——威廉·戈尔丁 1983年

生活中重要的不是发生在你身上的事，而是你记得是什么以及你如何记得它。
——加布里埃尔·加西亚·马尔克斯 1982年

痛苦的人眼里必定有火花闪耀，如果那火花熄灭，他就毫无价值了，
那火花一定包含着希望，尽管他自己不承认。
——埃利亚斯·卡内蒂 1981年",5,1,0
4691480591732375,英语元宇宙,1264366955,m,2021-10-12 14:19:59,"2021#诺贝尔文学奖#获得者古尔纳的代表作《天堂》里提到中国：如果你能抓住Dhul Qurnain这种会飞的小马吃了，你就获得魔力，可以驱使女巫、魔鬼、食尸鬼从中国、波斯或印度给你抓个苗条的美女公主。
看来东非人早就对中国美女想入非非。
（全面屏手机横屏读英文原著很方便，那些说手机不适合深度阅读的人都是食古不化。）",1,0,0
4691267420686803,奥斯不是狗,2162268095,f,2021-10-12 00:12:55,"古尔纳算超级冷门了吧。看哪个出版社加班加点第一个翻译出来。小说选集里只有两篇囚笼和博西。
看完第一感受是，非洲有文学。
#诺贝尔文学奖#",5,1,1
4691229851519825,灵剑无名,5946171619,m,2021-10-11 21:43:38,#诺贝尔文学奖# #古尔纳##2021年诺贝尔文学奖揭晓# 太好了 古尔纳的翻译版本真的不多,7,0,1
4691175527418311,币圈哲人,7442859513,f,2021-10-11 18:07:46,David Card 、 Joshua D.和Guido W. Imbens获得2021年诺贝尔经济学奖。#OKEX# #诺贝尔文学奖#,1,0,0
4691078819089790,新东方在线,1566548691,f,2021-10-11 11:43:29,10月7日，瑞典学院将2021年度诺贝尔文学奖颁给了坦桑尼亚作家阿卜杜勒拉扎克·古尔纳。在过去的110年中，诺奖文学奖诞生了118位得主，包括我们中国作家莫言～一起来看看过往获奖作家的经典名言吧 #诺贝尔文学奖# #读书# #在线早知道#,1,2,3
4691063073408244,角落里的足球,1699653354,m,2021-10-11 10:40:55,西方政治正确浪潮下，诺贝尔文学奖亦不能幸免#诺贝尔文学奖#,0,1,0
4691063061613218,译林出版社,1647172887,f,2021-10-11 10:40:52,发布了头条文章：《那些“冷门”但“含金量极高”的书》 现代诗歌 #诺贝尔文学奖# 那些“冷门”但“含金量极高”的书,25,4,16
4690932227899967,婷婷一枝梦,1309018095,f,2021-10-11 02:00:59,"#诺贝尔文学奖##裸言微语#

今年的诺贝尓文学奖揭晓时，又有人说爆冷，竟然授给了一个中国都没有作品出版，几乎没听说过的非洲人。

但我在想，动不动就说爆冷，有没有可能是我们视野促狭、所知甚少，而以爆冷判断来掩盖自身画地为牢的知识盲区呢？",3,2,0
4690872703387892,学法律的语文老师,1299204425,f,2021-10-10 22:04:27,#马尔克斯# #马尔克斯逝世# #加西亚·马尔克斯# #诺贝尔文学奖#,1,0,0
4690826430514901,张喆和世界生趣,1886048763,m,2021-10-10 19:00:35,我想可能五十年后，我写的世界文明导览书《世界生趣》，最终没有因为大幅提高了世界人民对世界文化的认知而获得#诺贝尔文学奖#，而是因为展示了各个国家文化艺术和社会经济的正比关系而获得了#诺贝尔经济学奖#，那就搞笑了。,0,1,0
4690743480549801,译言,1642294753,f,2021-10-10 13:30:57,"2021年诺贝尔奖刚刚揭晓，坦桑尼亚作家古尔纳获诺贝尔文学奖。

获得诺贝尔文学奖可能是每个作家的梦想。由于没有地理限制，每个人都有资格获奖，但我们真的有可能得奖吗?

诺贝尔委员会的主要任务，是找出最优秀的作者，选出他们的作品，但现实并没有那么简单。

许多人认为，与诺贝尔委员会相关联的政治和国家利益阻碍了评选过程，让真正应该得奖的人空手而归。就让我们一起来看看，关于诺贝尔文学奖的故事吧。

#诺贝尔文学奖# 我可以获得诺贝尔文学奖吗？",7,0,2
4690525489465259,柳绪山,7380225923,f,2021-10-09 23:04:45,"看到一些人说#2021年诺贝尔文学奖揭晓# 是政治正确。
冷静点说，第一，村上没得诺奖直接扯到政治正确未尝不是对喜欢的作家的一种亵渎。为什么要毫无根据地，将文学和政治的界限完全揉杂呢？第二，就算真的是这样 这个奖项就一点意义都没有吗？窗口是否已经被打开了，即便是以所谓错误的方式？第三，当所有事情都可以拿政治来做挡箭牌，来怀疑，来指责的时候， 我们应该相信些什么呢？相信非洲真的有好的文学作品——或者退一万步说，将会有的。#诺贝尔文学奖#",0,0,0
4690515842303841,知了的手作,7643557672,f,2021-10-09 22:26:25,"诺贝尔文学奖授予阿卜杜勒拉扎克·古尔纳的祖国坦桑尼亚的国花居然是它
#诺贝尔文学奖##古尔纳##丁香花#",0,1,0
4690491000228241,付士山,1234653531,m,2021-10-09 20:47:42,如果推荐一个中国作家获#诺贝尔文学奖# 您会推荐哪个作家？,2,0,0
4690358216689713,译林出版社,1647172887,f,2021-10-09 12:00:04,"诺贝尔文学奖绕不过的“地标”！你还不认识他？

写作上，诺特博姆被视作卡尔维诺与纳博科夫的同类。
拜厄特称其为“现代最杰出的小说家之一”。他的小说属“思想小说”，思辨色彩浓厚，是那种你会动不动拿出小本子记上几句的小说。
但其情节很难出彩，而大众多喜欢看些拿起来就放不下的精彩小说。
所以，他是“文学界小圈子的熟脸客，却是大众市场的陌生人”。

译林已出版他的两本新书《狐狸在夜晚来临》《流浪者旅店》，另有《西班牙星光之路》即将上架！
#诺贝尔文学奖# #电商号购物周# #微博好物生活节# #书单#
诺特博姆套装 狐狸在夜晚来临+流浪者旅店",24,3,8
4690399128454834,英语元宇宙,1264366955,m,2021-10-09 14:42:38,"2021#诺贝尔文学奖#得主、坦桑尼亚作家阿卜杜勒-拉扎克·古尔纳的代表作《天堂》英文版今天果然在b-ok上线了，目前还是扫描版，无法进行词汇分析，但我读进去发现生词不少，看了3章20多页就查了20个生词。结合Bing地图搜小说提到的地点，理解思路更清晰，估计对后面刚果等地的历险情节理解很有用。
这书1994年的，但国内还没有中文版，估计英文版也没几个人读过。你现在读的话，很可能最先读到这本佳作的中国人之一哦！读到12岁的Yusuf将被卖、妈妈最后一次抱紧他的时候，我破防了",0,1,0
4690388654228916,荆楚公子,5510544196,f,2021-10-09 14:01:00,"#获得诺贝尔文学奖的古尔纳是谁#【看了新任诺贝尔文学奖得主的介绍，我觉得方方也大有希望】诺贝尔文学奖新任得主阿卜杜拉扎克·古尔纳1948年出生于坦桑尼亚的桑给巴尔岛，现年73岁。1960年代末，他以难民身份抵达英国，此后定居英国，以英语开始写作。
也就是说这哥们一直住在英国，写非洲的殖民者和难民的事儿。用的语言也是英语。

他的颁奖词为“毫不妥协并充满同理心地深入探索着殖民主义的影响，关切着那些夹杂在文化和地缘裂隙间难民的命运”。
（各网站的译文都是如此，我也搞不清楚“同理心”仨字说的是啥意思。）

相比较起来，方方女士当时都在武汉，虽然没出过自己家门，可是毕竟家门口道听途说也比这这哥们儿远隔重洋凭空想象靠谱吧。

他都能获奖，凭啥方方不能获奖？
这次不给颁奖，下次必须给。
不然白写了。
方方，2022年诺贝尔文学奖，我看好你哟！#2021诺贝尔文学奖揭晓##诺贝尔文学奖#",11,4,1
4690358967731056,人民文学出版社,1290696881,f,2021-10-09 12:03:03,"发布了头条文章：《人民文学出版社与23位诺贝尔文学奖得主》
趁着2021诺贝尔文学奖刚刚揭晓，让我们一起盘点人民文学出版社已出版作品的诺贝尔文学奖作者。在精彩的颁奖词中再次感受文学的魅力，愿璀璨的群星再次点亮您的文学星空。
#诺贝尔文学奖# 人民文学出版社与23位诺贝尔文学奖得主",17,3,9
4690341791532154,南京先锋书店,1613451640,m,2021-10-09 10:54:48,#诺贝尔文学奖# #如何推荐一本书#,15,4,10
4690325211712271,河南大学出版社,3374036522,f,2021-10-09 09:48:55,"#好书推荐##诺贝尔文学奖#
10月7日，#2021年诺贝尔文学奖揭晓# 。作为近年来诺贝尔文学奖热门人选之一的“加拿大文学女王”——玛格丽特•阿特伍德虽然没有获得奖项，却依然受到读者们的铭记与尊敬。阿特伍德的作品涉猎广泛，科幻小说、反乌托邦小说尤为特色。
观之仰之，听之视之，不如读读她的作品。读她从纸页中唱出并刺痛人心的诗歌，读她别出心裁地对社会的辛辣评价，读那些懒散的优雅、一针见血的犀利，也读来自家庭生活的恐惧、对两性战争的回应……",9,7,3
4690324885343212,译林出版社,1647172887,f,2021-10-09 09:47:37,发布了头条文章：《盘点译林和诺贝尔文学奖的那些事儿》 #2021年诺贝尔文学奖揭晓# #诺贝尔文学奖# 外国文学 盘点译林和诺贝尔文学奖的那些事儿,18,1,6
4690312075151714,柚子姐姐11,6573463630,f,2021-10-09 08:56:43,"迫切想拜读新晋诺贝尔文学奖得主的作品
有点记不清大学时期遇到的paradise 是不是他的作品
#诺贝尔文学奖#",0,1,0
4690163815418040,羊冒冒hh,5258669681,f,2021-10-08 23:07:35,每一次诺贝尔文学奖获奖者出炉，仿佛都在对我说：你真是太没文化了#诺贝尔文学奖#,0,1,0
4690358216689713,译林出版社,1647172887,f,2021-10-09 12:00:04,"诺贝尔文学奖绕不过的“地标”！你还不认识他？

写作上，诺特博姆被视作卡尔维诺与纳博科夫的同类。
拜厄特称其为“现代最杰出的小说家之一”。他的小说属“思想小说”，思辨色彩浓厚，是那种你会动不动拿出小本子记上几句的小说。
但其情节很难出彩，而大众多喜欢看些拿起来就放不下的精彩小说。
所以，他是“文学界小圈子的熟脸客，却是大众市场的陌生人”。

译林已出版他的两本新书《狐狸在夜晚来临》《流浪者旅店》，另有《西班牙星光之路》即将上架！
#诺贝尔文学奖# #电商号购物周# #微博好物生活节# #书单#
诺特博姆套装 狐狸在夜晚来临+流浪者旅店",24,3,8
4690341791532154,南京先锋书店,1613451640,m,2021-10-09 10:54:48,#诺贝尔文学奖# #如何推荐一本书#,15,4,10
4690325211712271,河南大学出版社,3374036522,f,2021-10-09 09:48:55,"#好书推荐##诺贝尔文学奖#
10月7日，#2021年诺贝尔文学奖揭晓# 。作为近年来诺贝尔文学奖热门人选之一的“加拿大文学女王”——玛格丽特•阿特伍德虽然没有获得奖项，却依然受到读者们的铭记与尊敬。阿特伍德的作品涉猎广泛，科幻小说、反乌托邦小说尤为特色。
观之仰之，听之视之，不如读读她的作品。读她从纸页中唱出并刺痛人心的诗歌，读她别出心裁地对社会的辛辣评价，读那些懒散的优雅、一针见血的犀利，也读来自家庭生活的恐惧、对两性战争的回应……",9,7,3
4690312075151714,柚子姐姐11,6573463630,f,2021-10-09 08:56:43,"迫切想拜读新晋诺贝尔文学奖得主的作品
有点记不清大学时期遇到的paradise 是不是他的作品
#诺贝尔文学奖#",0,1,0
4690163815418040,羊冒冒hh,5258669681,f,2021-10-08 23:07:35,每一次诺贝尔文学奖获奖者出炉，仿佛都在对我说：你真是太没文化了#诺贝尔文学奖#,0,1,0
4690121276263105,有录网-诺丁汉,7590844645,m,2021-10-08 20:18:33,"#考研英语[超话]# 🍃#励志# 🍃#演讲# 🍃#诺贝尔文学奖#
【每日演讲】
诺贝尔文学奖发布 村上春树又陪跑了 有录网-诺丁汉的微博视频",0,0,0
4690117216176419,天涯倦客2002,5360966583,m,2021-10-08 20:02:25,"2021年诺贝尔文学奖揭晓，但却很不公平。为什么不是中国的这位大文豪呢？这位大文豪才高八斗，学富五车，驰名中外，震撼宇宙。

他比坦桑尼亚小说家阿卜杜勒拉扎克·古尔纳（Abdulrazak Gurnah）厉害多了，孟晚舟回国他会蹭热度，神州飞天他也不放过。他词胜苏轼，诗超李白，只是这位世界级的大文豪，为什么就埋没了呢？#诺贝尔文学奖##创作力计划# 锦州",0,0,0
4690114457109849,晚安大脑斧,6636816121,f,2021-10-08 19:51:27,#诺贝尔文学奖# 陪跑就陪跑，在村迷心里，我们《不屑》,1,1,0
4690109750055329,明庭有耳闻,6546903276,f,2021-10-08 19:32:45,年年陪跑 年年跑#诺贝尔文学奖#,0,1,0
4690010156829924,上古流光,2867788404,m,2021-10-08 12:57:00,"诺贝尔文学奖的评判标准一直在变，但不变的是他对严肃文学的偏爱，这么看来，村上春树的作品确实算不上严肃，从《且听风吟》到《1Q84》再到《刺杀骑士团长》都不够严肃（目测未来还会继续陪跑）。不过作为一名读者，抛开作者自己对获奖这件事儿的看法，我觉得村叔一直没有获奖也是一件好事儿，毕竟在全球范围内村叔的名气已经不小了，获奖也就起锦上添花的作用，我们渴望看到更为宽广的世界:之前我们看到的欧美，看到了拉美，看到了同为亚洲的日本和印度，世人也看到了中国，……而今天，我们看到的非洲，相信许多小伙伴和我一样，未曾涉足非洲文学，非洲不仅有荒野，也有历史，也有苦难，我们通过了解外面的世界了解自己，这可能也是文学的价值吧。
#诺贝尔文学奖##村上春树又陪跑##非洲文学# 天水",8,1,0
4690008009345808,LibrairieAvant-garde,1959089830,m,2021-10-08 12:48:28,"#诺贝尔文学奖#
新科诺奖得主面临一个我国曾经面临过的问题：桑给巴尔或坦桑尼亚的政府或民众不承认阿卜杜勒拉扎克·古尔纳是本国作家。",8,1,1
4690003374114772,课观豆豆妈,6809217978,f,2021-10-08 12:30:03,"【作文素材】近期诺贝尔文学奖已经揭晓了，一起回顾一下2012年诺贝尔文学奖得主莫言老师的作品吧！
金句摘选记得收藏~
素材摘自：莫言作品《晚熟的人》

#诺贝尔文学奖# #教师资格证# #课观教育#",14,1,3
4689991491650501,马仕健,1951624630,m,2021-10-08 11:42:50,"#诺贝尔文学奖##人类命运共同体##黑人的命也重要##I CAN'T BREATHE##我无法呼吸#
马仕健同学为生活在美国的黑人朋友写的歌曲《I CAN'T BREATHE》（我无法呼吸）什么时候能获得诺贝尔文学奖？
据诺贝尔文学奖官网最新消息，2021年诺贝尔文学奖由坦桑尼亚小说家阿卜杜勒扎克·古尔纳（Abdulrazak Gurnah）摘得。颁奖词是：“毫不妥协并充满同理心地深入探索着殖民主义的影响，关切着那些夹杂在文化和地缘裂隙间难民的命运。”这位作家暂时没有作品引进中文版。I CAN'T BREATHE",1,1,0
4689986064224474,广西师大出版社,1345667185,f,2021-10-08 11:21:16,#诺贝尔文学奖# 这一届诺贝尔文学奖有多冷，冷到你连中文版都看不见，盗版都没有。嗯嗯，不过图二这本书里有两个短篇。 桂林·桂林漓江景区,92,27,14
4689983632313283,春浓满楼情痴狂,7476670244,m,2021-10-08 11:11:36,"书封
2021诺贝尔文学奖得主
阿卜杜勒拉扎克·古尔纳
Abdulrazak Gurnah
《天堂》《沙砾心》和《海边》等
#诺贝尔文学奖#",7,1,1
4689981840819552,温暖欣田读书会,1670657853,f,2021-10-08 11:04:29,"年2021诺贝尔文学奖得主是坦桑尼亚作家阿卜杜勒拉扎克·格尔纳。

国内目前为止，还没有引进他的书，找到几乎是唯二的两篇翻译过的短篇小说，《博西》《囚笼》，供你欣赏。#2021年诺贝尔文学奖揭晓##诺贝尔奖##诺贝尔文学奖#",0,0,1
4689977331682728,causalllll,7647901535,f,2021-10-08 10:46:34,今年又是阿树陪跑的一年 心疼阿树#诺贝尔文学奖#,0,0,0
4689976505665416,修篁风影,2332611655,m,2021-10-08 10:43:17,"【盘点|那些出圈的华裔作家】
华裔作家能够出圈的难度
也堪比获得诺奖了，值得关注😜
#诺贝尔文学奖#",0,1,0
4689973783563185,快乐量贩机本机,2135743975,f,2021-10-08 10:32:28,#诺贝尔文学奖# 想借此机会了解一点非洲文学的皮毛，竟没有国内翻译版。,0,3,0
